ano,cargo,senioridade,respondentes,idade_media,percentual
2023,,Gestao,896,36.07700892857143,16.93
2023,,Nao informado,540,33.02407407407407,10.2
2023,Analista de Dados/Data Analyst,Pleno,360,30.141666666666666,6.8
2023,Engenheiro de Dados/Arquiteto de Dados/Data Engineer/Data Architect,Senior,325,32.966153846153844,6.14
2023,Analista de Dados/Data Analyst,Junior,277,28.28158844765343,5.23
2023,Cientista de Dados/Data Scientist,Senior,272,32.216911764705884,5.14
2023,Analista de Dados/Data Analyst,Senior,270,33.14074074074074,5.1
2023,Cientista de Dados/Data Scientist,Pleno,250,30.248,4.72
2023,Engenheiro de Dados/Arquiteto de Dados/Data Engineer/Data Architect,Pleno,234,29.192307692307693,4.42
2023,Analista de BI/BI Analyst,Pleno,200,29.6,3.78
2023,Analista de BI/BI Analyst,Junior,176,27.15340909090909,3.33
2023,Cientista de Dados/Data Scientist,Junior,165,26.75151515151515,3.12
2023,Analista de BI/BI Analyst,Senior,130,33.738461538461536,2.46
2023,Engenheiro de Dados/Arquiteto de Dados/Data Engineer/Data Architect,Junior,125,28.584,2.36
2023,Outra Opção,Junior,122,29.65573770491803,2.3
2023,Analista de Negócios/Business Analyst,Senior,83,32.8433734939759,1.57
2023,Outra Opção,Pleno,73,33.47945205479452,1.38
2023,Analista de Negócios/Business Analyst,Pleno,69,28.594202898550726,1.3
2023,Analytics Engineer,Senior,69,32.98550724637681,1.3
2023,Outra Opção,Senior,67,38.95522388059702,1.27
2023,Data Product Manager/ Product Manager (PM/APM/DPM/GPM/PO),Senior,55,34.4,1.04
2023,Analytics Engineer,Pleno,52,28.384615384615383,0.98
2023,Desenvolvedor/ Engenheiro de Software/ Analista de Sistemas,Senior,51,37.68627450980392,0.96
2023,Analista de Negócios/Business Analyst,Junior,43,26.906976744186046,0.81
2023,Analista de Suporte/Analista Técnico,Pleno,31,34.193548387096776,0.59
2023,Engenheiro de Machine Learning/ML Engineer/AI Engineer,Pleno,30,27.533333333333335,0.57
2023,Engenheiro de Machine Learning/ML Engineer/AI Engineer,Senior,29,32.41379310344828,0.55
2023,Desenvolvedor/ Engenheiro de Software/ Analista de Sistemas,Junior,28,29.035714285714285,0.53
2023,Analista de Suporte/Analista Técnico,Junior,26,29.23076923076923,0.49
2023,Desenvolvedor/ Engenheiro de Software/ Analista de Sistemas,Pleno,26,29.96153846153846,0.49
2023,Analytics Engineer,Junior,18,29.055555555555557,0.34
2023,Data Product Manager/ Product Manager (PM/APM/DPM/GPM/PO),Pleno,18,31.666666666666668,0.34
2023,Analista de Inteligência de Mercado/Market Intelligence,Junior,16,27.125,0.3
2023,Engenheiro de Machine Learning/ML Engineer/AI Engineer,Junior,16,24.5,0.3
2023,Analista de Inteligência de Mercado/Market Intelligence,Pleno,15,28.666666666666668,0.28
2023,Analista de Suporte/Analista Técnico,Senior,15,40.93333333333333,0.28
2023,DBA/Administrador de Banco de Dados,Senior,13,41.38461538461539,0.25
2023,Professor/Pesquisador,Senior,13,41.53846153846154,0.25
2023,Outras Engenharias (não inclui dev),Senior,12,38.916666666666664,0.23
2023,Outras Engenharias (não inclui dev),Junior,10,28.8,0.19
2023,Estatístico,Pleno,9,43.111111111111114,0.17
2023,Outras Engenharias (não inclui dev),Pleno,9,34.666666666666664,0.17
2023,Professor/Pesquisador,Pleno,9,37.888888888888886,0.17
2023,Analista de Inteligência de Mercado/Market Intelligence,Senior,8,33.125,0.15
2023,Data Product Manager/ Product Manager (PM/APM/DPM/GPM/PO),Junior,8,33.625,0.15
2023,Estatístico,Junior,7,26.857142857142858,0.13
2023,Professor/Pesquisador,Junior,6,34.333333333333336,0.11
2023,DBA/Administrador de Banco de Dados,Pleno,5,30.2,0.09
2023,Estatístico,Senior,5,41.2,0.09
2023,DBA/Administrador de Banco de Dados,Junior,2,30.5,0.04
2023,Economista,Pleno,2,28.5,0.04
2023,Economista,Senior,2,46.5,0.04
2023,Economista,Junior,1,23.0,0.02
2024,,Gestao,1045,36.233492822966504,20.03
2024,Analista de Dados/Data Analyst,Pleno,391,30.21994884910486,7.49
2024,,Nao informado,354,32.69491525423729,6.79
2024,Cientista de Dados/Data Scientist,Senior,339,32.70796460176991,6.5
2024,Analista de Dados/Data Analyst,Senior,322,33.33229813664596,6.17
2024,Engenheiro de Dados/Data Engineer/Data Architect,Senior,310,34.619354838709675,5.94
2024,Analista de Dados/Data Analyst,Junior,244,27.75,4.68
2024,Cientista de Dados/Data Scientist,Pleno,230,30.31304347826087,4.41
2024,Engenheiro de Dados/Data Engineer/Data Architect,Pleno,211,30.246445497630333,4.04
2024,Analista de BI/BI Analyst,Pleno,168,30.19047619047619,3.22
2024,Outra Opção,Junior,135,29.08888888888889,2.59
2024,Analista de BI/BI Analyst,Junior,126,26.976190476190474,2.42
2024,Cientista de Dados/Data Scientist,Junior,118,27.54237288135593,2.26
2024,Analytics Engineer,Senior,115,31.878260869565217,2.2
2024,Analista de BI/BI Analyst,Senior,102,34.03921568627451,1.96
2024,Engenheiro de Dados/Data Engineer/Data Architect,Junior,92,26.25,1.76
2024,Analista de Negócios/Business Analyst,Senior,83,32.42168674698795,1.59
2024,Analytics Engineer,Pleno,83,28.59036144578313,1.59
2024,Analista de Negócios/Business Analyst,Pleno,66,29.333333333333332,1.27
2024,Data Product Manager/ Product Manager (PM/APM/DPM/GPM/PO),Senior,61,33.540983606557376,1.17
2024,Outra Opção,Senior,60,37.21666666666667,1.15
2024,Outra Opção,Pleno,59,33.59322033898305,1.13
2024,Engenheiro de Machine Learning/ML Engineer/AI Engineer,Senior,58,32.741379310344826,1.11
2024,Desenvolvedor/ Engenheiro de Software/ Analista de Sistemas,Pleno,49,33.0,0.94
2024,Desenvolvedor/ Engenheiro de Software/ Analista de Sistemas,Senior,44,38.25,0.84
2024,Arquiteto de Dados/Data Architect,Senior,37,38.0,0.71
2024,Engenheiro de Machine Learning/ML Engineer/AI Engineer,Pleno,36,29.694444444444443,0.69
2024,Analista de Negócios/Business Analyst,Junior,35,27.942857142857143,0.67
2024,Analista de Suporte/Analista Técnico,Pleno,31,31.70967741935484,0.59
2024,Analytics Engineer,Junior,30,26.966666666666665,0.58
2024,Analista de Suporte/Analista Técnico,Junior,29,29.24137931034483,0.56
2024,Desenvolvedor/ Engenheiro de Software/ Analista de Sistemas,Junior,29,27.137931034482758,0.56
2024,Analista de Suporte/Analista Técnico,Senior,19,41.94736842105263,0.36
2024,Data Product Manager/ Product Manager (PM/APM/DPM/GPM/PO),Pleno,15,32.266666666666666,0.29
2024,Outras Engenharias (não inclui dev),Pleno,14,33.857142857142854,0.27
2024,Arquiteto de Dados/Data Architect,Pleno,10,31.7,0.19
2024,Engenheiro de Machine Learning/ML Engineer/AI Engineer,Junior,9,27.22222222222222,0.17
2024,Outras Engenharias (não inclui dev),Senior,9,39.77777777777778,0.17
2024,Professor/Pesquisador,Senior,9,40.44444444444444,0.17
2024,Estatístico,Pleno,7,34.142857142857146,0.13
2024,Professor/Pesquisador,Pleno,7,36.0,0.13
2024,Outras Engenharias (não inclui dev),Junior,6,29.166666666666668,0.12
2024,Estatístico,Junior,5,30.2,0.1
2024,Estatístico,Senior,5,41.4,0.1
2024,Professor/Pesquisador,Junior,5,29.6,0.1
2024,Data Product Manager/ Product Manager (PM/APM/DPM/GPM/PO),Junior,4,27.0,0.08
2024,Arquiteto de Dados/Data Architect,Junior,1,24.0,0.02
2025,,Gestao,727,38.36038514442916,20.8
2025,,Nao informado,267,34.20224719101124,7.64
2025,Analista de Dados/Data Analyst,Pleno,211,31.587677725118482,6.04
2025,Analista de Dados/Data Analyst,Senior,184,34.29891304347826,5.26
2025,Engenheiro de Dados/Data Engineer/Data Architect,Senior,182,33.11538461538461,5.21
2025,Cientista de Dados/Data Scientist,Senior,147,33.08843537414966,4.21
2025,Analista de Dados/Data Analyst,Junior,145,27.379310344827587,4.15
2025,Cientista de Dados/Data Scientist,Pleno,140,30.7,4.01
2025,Engenheiro de Dados/Data Engineer/Data Architect,Pleno,109,30.880733944954127,3.12
2025,Outra Opção,Junior,90,30.022222222222222,2.58
2025,Analista de BI/BI Analyst,Pleno,82,31.0,2.35
2025,Cientista de Dados/Data Scientist,Especialista,72,36.486111111111114,2.06
2025,Cientista de Dados/Data Scientist,Junior,65,28.49230769230769,1.86
2025,Engenheiro de Dados/Data Engineer/Data Architect,Especialista,62,36.564516129032256,1.77
2025,Analista de BI/BI Analyst,Senior,59,33.23728813559322,1.69
2025,Analista de Dados/Data Analyst,Especialista,59,34.74576271186441,1.69
2025,Analytics Engineer,Senior,59,32.88135593220339,1.69
2025,Analista de BI/BI Analyst,Junior,57,27.63157894736842,1.63
2025,Outra Opção,Pleno,55,32.49090909090909,1.57
2025,Analista de Negócios/Business Analyst,Pleno,53,31.150943396226417,1.52
2025,Engenheiro de Dados/Data Engineer/Data Architect,Junior,49,26.775510204081634,1.4
2025,Analista de Negócios/Business Analyst,Senior,48,34.104166666666664,1.37
2025,Engenheiro de Machine Learning/ML Engineer/AI Engineer,Senior,42,32.30952380952381,1.2
2025,Analytics Engineer,Pleno,41,29.878048780487806,1.17
2025,Desenvolvedor/ Engenheiro de Software/ Analista de Sistemas,Senior,41,38.19512195121951,1.17
2025,Outra Opção,Senior,39,36.76923076923077,1.12
2025,Desenvolvedor/ Engenheiro de Software/ Analista de Sistemas,Pleno,27,32.03703703703704,0.77
2025,Engenheiro de Machine Learning/ML Engineer/AI Engineer,Especialista,27,34.7037037037037,0.77
2025,Analytics Engineer,Especialista,24,34.333333333333336,0.69
2025,Desenvolvedor/ Engenheiro de Software/ Analista de Sistemas,Junior,24,25.75,0.69
2025,Analista de Negócios/Business Analyst,Junior,22,28.863636363636363,0.63
2025,Outra Opção,Especialista,22,39.45454545454545,0.63
2025,Engenheiro de Machine Learning/ML Engineer/AI Engineer,Junior,21,25.952380952380953,0.6
2025,Analista de Suporte/Analista Técnico,Junior,20,28.85,0.57
2025,Analista de Suporte/Analista Técnico,Pleno,20,37.75,0.57
2025,Data Product Manager/ Product Manager (PM/APM/DPM/GPM/PO),Senior,19,36.78947368421053,0.54
2025,Analista de Negócios/Business Analyst,Especialista,18,34.72222222222222,0.52
2025,Analista de BI/BI Analyst,Especialista,17,33.05882352941177,0.49
2025,Engenheiro de Machine Learning/ML Engineer/AI Engineer,Pleno,16,27.4375,0.46
2025,Analista de Suporte/Analista Técnico,Senior,15,40.266666666666666,0.43
2025,Desenvolvedor/ Engenheiro de Software/ Analista de Sistemas,Especialista,14,39.857142857142854,0.4
2025,Arquiteto de Dados/Data Architect,Especialista,13,41.61538461538461,0.37
2025,Analytics Engineer,Junior,11,26.181818181818183,0.31
2025,Arquiteto de Dados/Data Architect,Senior,10,36.7,0.29
2025,Data Product Manager/ Product Manager (PM/APM/DPM/GPM/PO),Especialista,10,35.3,0.29
2025,Outras Engenharias (não inclui dev),Pleno,8,35.625,0.23
2025,Outras Engenharias (não inclui dev),Especialista,7,37.285714285714285,0.2
2025,Outras Engenharias (não inclui dev),Senior,6,41.0,0.17
2025,Professor/Pesquisador,Senior,6,41.666666666666664,0.17
2025,Outras Engenharias (não inclui dev),Junior,5,27.6,0.14
2025,Data Product Manager/ Product Manager (PM/APM/DPM/GPM/PO),Pleno,4,42.5,0.11
2025,Estatístico,Junior,4,32.0,0.11
2025,Professor/Pesquisador,Pleno,4,40.75,0.11
2025,Arquiteto de Dados/Data Architect,Pleno,3,33.666666666666664,0.09
2025,Estatístico,Pleno,3,40.0,0.09
2025,Professor/Pesquisador,Especialista,3,38.0,0.09
2025,Professor/Pesquisador,Junior,3,28.333333333333332,0.09
2025,Arquiteto de Dados/Data Architect,Junior,2,27.5,0.06
2025,Estatístico,Especialista,1,29.0,0.03
2025,Estatístico,Senior,1,34.0,0.03
